{"cameraMode":{"drawMode":0,"name":"Shaded","section":"Shading Mode"},"sceneLighting":false,"audioPlay":false,"sceneViewState":{"showFog":true,"showMaterialUpdate":false,"showSkybox":false,"showFlares":true,"showImageEffects":true,"showParticleSystems":true},"in2DMode":false,"pivot":{"x":10.12352466583252,"y":5.8202314376831059,"z":1.5032918453216553},"rotation":{"x":0.27765899896621706,"y":0.6262824535369873,"z":-0.25480344891548159,"w":0.6824594736099243},"size":1.6362677812576295,"orthographic":false}