{"cameraMode":{"drawMode":0,"name":"Shaded","section":"Shading Mode"},"sceneLighting":false,"audioPlay":false,"sceneViewState":{"showFog":true,"showMaterialUpdate":false,"showSkybox":false,"showFlares":true,"showImageEffects":true,"showParticleSystems":true},"in2DMode":false,"pivot":{"x":-156.9550018310547,"y":-487.0,"z":-2264.099853515625},"rotation":{"x":-0.051481276750564578,"y":-0.9436827301979065,"z":0.2749395966529846,"w":-0.17670007050037385},"size":153.1048583984375,"orthographic":true}